{
  "profiles": {
    "1.19.2": {
      "name": "1.19.2",
      "lastVersionId": "1.19.2",
      "gameDir": "C:\\Users\\.drmr\\AppData\\Roaming\\Crystal-Launcher\\instances\\u.CobblemonLatest\\.minecraft"
    },
    "fabric-loader-1.19.2": {
      "name": "fabric-loader-1.19.2",
      "type": "custom",
      "created": "2023-05-29T19:33:12+0200",
      "lastUsed": "2023-05-29T19:33:12+0200",
      "icon": "TNT",
      "lastVersionId": "fabric-loader-0.14.21-1.19.2"
    }
  },
  "selectedProfile": "1.19.2"
}